feat1,feat2,feat3,feat4,target
0.062473517511785294,0.2645346086815274,-0.3139489352579633,0.8595120136122433,-1.1651128590496143
-0.3437029325135667,-0.14313665840419235,-0.5925777119266313,-0.04895535368575942,-67.32700787978887
-0.268153969173157,0.055719509103671946,-0.7043506862115732,0.4049708833958499,-57.74795520861894
-0.25348087999435326,-2.501762477919737,0.5236808980943356,-0.9829575881284899,-169.40530901145928
0.9684067486084359,-0.8609491905848292,2.371188806406039,-0.11952994152960011,141.63829584067435
-1.0554723456524573,2.4761609641440603,0.8906030396111648,1.5005842049581233,240.27097451698472
-1.0109177143893637,1.664459905464825,-0.3013630612169555,0.786301016132823,83.10480228535357
0.5608840411750557,-1.7475136866590515,0.022782591380934726,0.3700076019402457,-124.16781560679023
-1.5848192296796284,-0.6118034194717903,0.5229267663285071,1.2704249939269185,-53.694687171391266
0.8885646917540293,-1.184028711482272,-0.6623284476949525,-1.152596975421549,-122.43412049394709
0.41907758034499293,0.3311061348981567,1.0160866725330375,-2.628412112865304,117.59360068175472
0.022541174894446174,0.5586862025985606,0.7927562893417648,2.2819321917350077,107.52759793633425
-0.009864492215350773,-0.02079970625288707,-1.7291715497409545,0.12654792956563632,-136.27068974415062
1.8110278503221147,0.48657666622200735,0.48247454742102197,-0.5502963437933043,128.00456508985383
0.36752555269651244,-1.4572739666785282,0.7538852459848878,-0.87287561369419,-49.291415340325386
-0.8777187234857279,-0.6347390557716157,-0.6475681026136421,-0.20180086616324439,-126.531382602202
-1.2243180248367094,0.052926573806145,-0.28022500314356963,0.0987392911341963,-51.9913002711523
0.10119285748831003,-0.8839081979578874,-1.168163107412713,-1.4984485625413344,-159.57764008690634
-1.234753316280294,-0.13944569934269616,0.3020216358374559,-0.8784260956012225,-22.666684809267505
-0.5019687600216846,0.31156624934146737,2.3421396329415494,-0.6089456052299316,193.03495939360207
0.007749737689038201,1.4397628636480706,0.9351797460321031,-0.8611750546192383,189.64205343599787
-0.11801816436389427,-0.044390713728770355,0.4153443582028839,0.03775429420543723,25.331657755133673
-0.8834599120265837,0.14840889892683065,2.0560188047344816,0.5414944290621138,146.82114041155828
0.4019436478451483,-0.6181918102416863,0.028408077006754285,1.1444499777336694,-36.606089325749195
0.4483098333873079,0.4390259721184166,-0.7990020609705695,-0.7571904752856241,-13.806770762774477
0.7619957592802186,-0.4456464470912981,0.7543338102198791,1.0364478570316478,43.92458436295789
-1.1385426127187463,-0.17126860447011572,1.310477632565195,0.17623533211499884,55.79174191002849
-0.1550321430452909,0.29848383337199197,-1.5064776016761345,-0.5318571884637278,-97.16792980429099
0.9966964916546659,1.600680793548983,2.399466122930983,-0.31723103552947574,344.30980657604397
0.28333286280244624,1.4060062347150235,-0.10337014566694863,2.819369531369231,114.00930009229994
-1.0261810945191194,0.6842994882319747,-0.12025886979504397,1.1928451733469416,17.234189679603464
1.113206734131075,-0.7169355483177666,0.8156669067057989,0.47253254918919985,36.584759519502526
-0.4745382216664044,0.5177954344501706,0.5875880394175403,-0.5237079015408674,74.26019159328621
0.6522297988974731,0.17420189865654528,0.5089386877330252,0.8471060574540908,72.04945456299106
1.7511754070902066,-0.21453738738539688,-0.15249841242347772,0.5565190914302873,20.1268961065941
-1.3921905619565427,-1.5474668964118825,-1.4546019000363701,-1.5196911465301448,-277.7562136189447
-1.2615655603368627,0.1965218504596085,-1.1934618372683659,-0.3233639092284822,-112.32504213430943
-0.36239577755245633,1.8280267731997353,1.0924184049998271,0.7939969315244959,222.9130992657598
-0.0286219636934734,0.5130949815579713,-0.4472723225178711,-0.9889829685429306,6.073422796192887
0.726662785343286,-0.362618854842308,-1.6441341394517675,0.5410517263291891,-136.62661839346575
-0.04173729792464302,-0.6756419855487024,1.7192524349282532,-0.7767943221421906,77.55280518347948
-1.6066094181819774,-1.546659686708748,1.9672636301708042,-0.15416452139817974,-17.958695455031915
1.1821272310065032,-0.29081109392723953,0.44235783868156714,-0.2499430913835049,44.0984167666521
0.33875395657242335,1.7091568258111556,0.08906256810403233,-1.8759409095778015,155.10856429693473
-1.600417866676386,-0.7252503799291243,0.8724123765918258,-1.297636047639963,-36.19217764452128
-1.2528467775095953,-1.220782477248843,0.5963703246266938,-1.4762348026048073,-88.02837183899054
1.3576412721795612,0.8948389905077341,-0.042906041905132704,-1.1867761047765593,107.53156138342798
-1.0647707082744506,-0.6137008589275769,1.3353979722405578,0.4227052587136135,23.91895742676917
-0.595516745541266,0.4719221554715186,-0.9206094046506132,-2.3336460260544554,-50.01405819789257
-0.3110345200262663,-0.033408431797287114,-0.4643842992287956,0.3909984064570756,-47.54838758781937
-0.546803999158916,2.7633730691728338,-0.13156284097104876,-1.8953948925076474,198.5182480960214
-1.417114445301156,-0.3827700876376358,0.8258239004166908,-0.5174903161565344,-6.861899196146609
1.2705625529909774,0.4628882452978386,-0.545487882892227,0.06717586985310896,31.0025717023101
-1.4127551524422393,0.39505295721772504,-2.434153956460083,-0.4118114952946532,-196.8487440141762
-0.33274979731874743,-0.06238951120729613,1.4738348853815368,0.3200191311972287,100.03070556994803
-1.0902203422915644,0.4819618393517784,0.2537427485630175,-0.5495004919256437,28.06463925950636
-1.0218265850874366,-0.8338523359619164,-0.4935271619065182,-0.4820418206094008,-134.78132273203812
0.3115377451813729,1.6280196158208275,2.134836001077505,-0.5986986875895547,306.65564039598496
1.345469421668778,-1.1630808218794266,-0.4587461076042406,1.2698563046681548,-92.04029275706452
2.7756833911639682,-0.530679583398267,0.7702014811763399,1.8212739205141961,95.03486268216476
-0.43374890145133815,0.6381590311339256,-0.9592848347989675,-1.966709717795797,-34.97252153437691
-0.5313013843387435,-0.3774238514248406,0.4720842216704182,-1.2256290773864247,-8.928061673312897
0.7088420385324211,-0.6154838702240852,-2.0537598413510523,-0.578137874285541,-189.4562434145182
-0.10093220712956398,-0.48935329376567743,-0.030236443499026794,-1.2234861405199018,-44.88861387661385
0.18411899315408145,0.2509130574780828,-0.7701348799058568,-1.437679263683798,-34.27240313990927
-0.5019759964720443,-0.12925999636059582,0.21302879501141367,0.31345099758830147,-8.092108664348352
-0.13021921862362176,-2.3545052190988205,1.6631147284141392,0.051600062880077624,-65.48482584288024
-0.23858127994262607,-0.7862889060257617,-0.6671312112295571,-0.5054391092430077,-122.32366654151647
1.485513703958801,-1.9971631300076216,1.6151976556844805,-1.2403946882474954,5.334752228062527
0.11420818119523271,0.017513069314698516,1.664415706776522,-2.2556666056229426,133.91642347774618
-0.2697395035577553,1.254973422553608,0.35049323670597365,0.5740743520865038,121.4161280675871
0.7249551990660538,-0.41292919834332553,-0.5772497802991301,0.7189737850219922,-57.89044660737807
-1.8140373532221743,1.8954097866924193,0.04707805267665482,0.6317682194540272,106.2583380718815
-0.7433242782075116,0.7745642856012097,-1.0315167306313089,-0.23559638899529742,-38.246544128212115
-0.9573787550230057,-0.6951083233274007,0.9735297426190663,-0.5299642914065127,-7.763038522220469
0.845815407504764,-1.4892203830629935,1.8799920244476127,-0.5952359561791589,49.06758943959083
0.5333779739964328,-1.0019192323083876,-1.512168840851444,-0.32257884396365427,-183.6839293017186
0.6458555866928956,0.7684618131227006,0.8704278349191527,1.1640048461705619,148.1507147026087
-0.877112164489764,-1.078764773452655,2.380728547777198,-0.3451540431154258,72.67701497511175
-0.058037338855211534,-0.22389359722399704,-1.864013987527764,2.2120141913661193,-164.57633483425198
0.8006673882505622,0.7159324260399215,1.6161765608583205,0.20788670595017916,206.17718865058842
1.2557164402134275,0.3902750267469901,0.7213107891050579,-0.5171289941505798,123.0866025888094
-1.5154192983470214,0.9427275398338092,1.1952653236810196,1.3624496835686966,126.58013641665417
-0.1938687274771217,1.7605686867344856,1.7577505785749021,-0.09343418673451176,273.86933210189727
0.9408557627494912,-0.5425116785206862,1.0095711962226144,0.9203356695653716,60.93455289025725
-0.10518043578041829,1.1094517306242038,0.2640618209715673,1.3436410196187705,107.53852979220241
-0.22440264030151225,-1.500778864360145,-1.080788682727887,-0.6434350855860421,-212.00939574171275
-1.93412905332076,0.35040278386450147,0.057399936977055595,0.20056593289485306,-21.650699783614044
1.7742286003181493,0.3840638180579678,1.6041352706641137,0.5959204033059982,205.77137832326287
-1.042185839039877,0.734403463200148,-1.4009012357274586,-1.2307200248837213,-78.62077728145468
1.3530687070185794,0.2371092102944176,-0.2396821309806724,0.16615214967815153,38.76656039582999
1.2639192103822732,-1.1346878089147245,-0.6320742182637488,-0.9723422782407901,-105.4989077446057
1.7127300442942135,0.3442698374643222,-2.550761598957359,0.12426493153020758,-121.90281452701211
-2.10156779125091,1.1606412891917484,-1.331660852265146,-1.6503630037215404,-68.53713188945184
-0.43841077749354984,0.4260746061796934,-0.31003983738090696,0.29012743700846594,-1.880310592837617
0.9933570224298441,-1.0141415914894671,-0.86481343132439,-0.5911791809699016,-121.42604654531894
0.20115371556169184,0.44579651848427476,1.316453452876889,-0.6022990383824504,144.08211694613888
-0.8490734083687747,-0.3319723521299145,0.25084675197028306,-0.3447710830480102,-31.38430773036295
0.5622734300282916,-0.06519214291643416,1.121563787049315,-0.7956558071408428,97.67728283521026
-1.5206895340643838,-1.552007170471696,0.7105744999285766,0.15719503474834481,-113.5774692259364
-1.6587027236689285,0.7334547724774548,0.6369846712979728,0.34547258805449227,62.203070619945116
-0.19780758029435652,-0.921712466241256,0.08480673574773354,1.709680026528996,-73.75579085583641
-1.8951831539758721,1.0427484407809813,0.6711191919552185,-2.7209770939423747,83.27547469671632
-0.1698590037299997,1.5851929183512152,-0.01966872059259199,-0.842337376727887,122.26770475105386
0.8520978904545874,-0.30310096903249245,0.6351571850796043,0.7638604270039709,48.77121752208161
-0.3842745333014471,0.21793417158973066,-0.7159022854969812,-1.8403978391471558,-48.760955297391554
0.06618699546047326,0.3624318823797679,-0.36153495117706547,-1.3988690165474644,3.1846000669924486
-1.5801065601649265,1.1732955867328743,0.12290808324788588,0.0968691254679005,60.16868319429722
-0.30686432101802136,-1.5063976519924491,0.09206632665705308,1.828904142874147,-123.69408515579762
1.6446859549054769,-1.7608723534370043,-0.49875911910193244,-0.2095004443305418,-135.20224676369287
-0.17899484050139744,0.34505266260340667,-0.9708859262941245,-0.22417336975273142,-52.46647699248935
-0.6410615196873749,-2.3581517932091267,1.3160430604039965,0.6944600728664689,-107.14086283132247
0.9322005375225688,0.5125344379151839,-1.3852743684826874,-0.49427256781901446,-39.736870625437874
-0.7956095907082239,1.4609809171662433,-0.19321996832397026,0.4388071941650361,81.06946765479462
0.13411624071561656,-1.0979093524441481,-0.6840365898588456,1.6967287547715997,-138.40601186714076
0.7036460357596204,0.6371835643223029,1.4028795916634604,1.3415652312275799,180.4870530566328
0.5858633298714797,-0.9044208950269464,0.5441017534925617,0.06720980620098027,-14.584169571146084
0.09391076110223016,-0.30833796815977466,-0.19802067413698168,-0.42924828604818455,-37.743691080084346
-0.5200174341649842,0.09397223212844753,-0.5557249864980913,1.0560184007808382,-50.2024582570528
0.9984773853334925,0.08376989835680486,-1.4908257981650588,-0.25404500970386423,-80.8460949238139
0.2551690178184305,-0.8029410919160567,-0.50534022526148,0.406007929147753,-97.18690518472584
0.5787061239586947,-0.8402640197308714,-0.42815192233572924,0.48879919543473016,-85.09710740044187
0.8073088971174244,-0.09539490273580745,1.0085064251515068,1.5437489289303274,93.35485869692482
0.23380809153866733,-1.509147507566052,-0.441917254133512,-1.5881066228749694,-150.14772600563302
0.28444093902369394,-2.186884169196372,0.4656363989449483,-2.2327680140845847,-133.20541660913915
-1.1172531660792868,-0.711307610154402,-0.10385305937680812,-1.4278345785000521,-97.26538410116333
0.23364342226437174,-0.339245995609874,-0.4180565493506803,1.5736614214862084,-53.40136733709166
-0.6458889118757952,0.24250272926757832,1.7036702331782798,0.43419910317800725,133.78486592787604
-0.5277465943896572,0.2357785106885718,-0.0556083751069132,0.42440532125059194,-0.07338516972123088
0.8673320596213336,-0.900793187665181,0.34921206643783403,-0.08777228345079703,-21.491121538297577
-0.20029662645662832,0.00163056583210006,-0.8104831603151169,-0.9645944108274832,-68.46556184010115
1.631857596035622,0.7594474423865751,0.6620628634274514,-1.0032685272836128,159.0357831639167
-0.6379781113205406,-1.3025106661605927,-0.5032800467854709,0.7537723245720583,-162.732018301576
-2.419260065205447,-0.44689729741301104,0.21797355968203883,0.6014723202894271,-87.53082075806566
1.2996993528641587,0.8915107182151967,-0.43636723513338826,1.2515483594113928,75.06765658113703
1.1067353162866038,0.43056165971951676,1.0531376735353306,-0.048513061600723315,147.92712366623272
0.4782240719490721,-2.0239841454790626,-0.4829678537125043,2.442328272313534,-188.20638740817344
-2.2300294429678553,-1.5318649700838198,-0.4910090027958198,-0.7429830986245687,-225.27068286082095
-1.3200626796938542,0.6272353047744662,-0.7534016790382594,1.4875632906623903,-44.85696947796282
-0.8426924238428047,0.4587786782804661,1.203157507774063,-0.08679383222190383,106.9044813644731
1.3982470380776946,-2.0953778124002462,-0.43880484445610257,-0.9344211128280334,-164.6276004993419
0.9132610835116813,0.7509518310732363,0.7493625952547492,0.4503563580465517,144.86662014236796
1.0963971972129645,0.0920452943890096,0.38645744233027723,-1.1094069530430002,68.39525691261298
0.47419267421354205,0.356100135676256,-0.1096360709940239,-1.7925197615966804,33.739680258150194
-0.02625427997892015,1.3442760267524887,1.570703862110519,-0.0370064865292399,230.29919489882724
0.9482026090991179,1.3774641125577627,-0.9353134618029186,-0.9563276232304967,65.82256454273589
-1.9786782524382318,1.0513598567137463,0.09410085691698275,-2.086576904300271,36.8026556762064
-0.3165890915893589,-0.560720553368609,-0.14370964255139243,-0.2650000190986001,-65.571532182855
1.3034334241821586,0.7769434006232581,-0.26271170968698976,0.4574470845094877,79.36758199276245
-2.12390481722838,0.21470445545265546,1.0287933790449084,0.07676531163397782,37.439794950012455
0.32936908954303945,0.8387258974866126,0.7829509411289025,0.48996504485258974,138.1326432741811
0.19911626376951588,0.1819193483165877,-0.02405115723389716,-0.049620026737588356,18.50253724645148
2.4224174810864163,1.0742103433586712,0.5782393093238044,-1.7597524651683407,200.3471077088795
-0.006910411907419449,0.9882833093469632,-0.6315416731592414,0.4381849990794245,30.918684396146105
0.4651019925740376,-0.007063674364819211,0.7709254828999964,-0.06901107394223627,72.41850655429823
-1.6710054509630172,1.1086338827373197,-0.3487313846580376,-0.6441939197227448,15.728308176518585
1.0088270040179748,1.4275281041336296,-0.6726943026579841,0.3698726954378496,91.99056797702369
-0.7987752852832352,0.9063585057826071,1.634806187103889,0.09726455900570746,177.97490650512106
-2.670791828775269,-0.7690580080236399,-1.5525643399657394,-0.08671262087097292,-258.27339260274806
0.7241116667704584,-0.2921084107076175,-0.2508703355985887,1.3986249247020053,-22.7637222103078
0.4095299303756964,0.11718034441185071,-0.6580512035235624,1.0284034840751477,-30.05928622329432
-0.20954315671286536,-0.7509327215372238,-0.8189422266449082,1.1204166902866082,-130.42820819691258
-1.670345923427392,2.641526015679767,-0.14234227910523167,-2.492367680011926,156.11929866641472
-1.1340803045826628,-0.3395489909643694,-1.5643272049454184,1.2202123158321583,-181.01979864211472
0.1758555367900701,-0.7417087208821921,0.7344794448358344,-1.0579626906101747,1.8410358804937914
0.46155741980520987,-0.1999877098662677,1.688290529209746,-0.7774738976888026,127.92141402674986
-0.17493472164831908,-1.0693106257771747,-0.21453002552831038,-0.3982007010785873,-108.33306275579243
-0.8097588409251274,-0.30928397763334314,1.4686920625053925,-0.8902372161463841,66.15502786469513
-0.030739161155431075,-0.07361000312447298,1.1328406889249674,-0.9015962872211023,81.15051094393687
0.13172675926163055,-0.5810080430886839,-0.3616738266701753,-0.2764424334774235,-71.50638426435344
0.06850328742058058,-0.47669254385779514,-0.01461449705935491,-1.193253172771407,-37.87107431867805
0.7698639919863547,-0.8700081208314888,0.6980548308016081,0.9144736318986217,5.3526966868369925
0.009615950550221764,-1.7330846543665073,-0.5018672724760389,-0.34831386502792133,-179.28998802492617
-0.34125212608863625,-0.2102273492387445,-1.7835513298029704,-0.10914373140885565,-165.20338437283084
-2.6546509032702312,1.7210428496107053,-0.1578242336515338,0.7286102680670444,52.49868357315198
0.16553263164306678,0.6106812225555477,0.01641482915945494,-0.5361718183642527,55.478112016528456
-1.4665469314477086,-0.17050546542041664,-0.24053106527423146,0.15254496803385614,-73.86174992156657
0.012221954826400271,1.240850558761242,0.6427082981574014,-1.1007892180171817,150.916813518729
0.4678689164783992,-1.7398581023206665,-0.4732548958886694,-0.6497801438624732,-164.69677095805082
0.4306154272363199,1.9540835470674927,-1.400107553008906,0.9398068442635307,61.90167267775783
0.7494298578207584,-0.7509803580965609,0.7271801627442188,1.028208052302546,16.69379286525215
0.014442975280749238,-0.29711840750046914,-1.717239486106658,-0.4924714599135243,-157.07244759966585
0.9484281312060951,-0.31199019077274165,-0.3561699782113757,0.8400547416515795,-26.230571589575607
-1.8006605677542824,-1.5625926912877024,-0.45736811981669806,1.001936182363096,-213.0443538799916
-1.2347293825798662,-0.8564234695015579,1.0678509066678774,-1.37313790537916,-21.342145418800186
-0.2130678929014381,0.5607533175056407,0.3880122039205991,0.7990394021971647,69.61572184884058
0.7263688009661838,-0.5593594993645843,0.3222207087092948,0.09427085253946099,0.13376438364718624
-1.2993228861941872,-0.16067212645809323,1.7418658478537135,-1.1683133319028376,85.62420677505163
-0.6465457289698259,-1.673999470360758,0.8003451881453836,-0.07524911896293737,-91.85422684375413
1.0141431411297313,-0.18388407959675465,-1.2366903947800882,-1.0421686706705005,-82.37663559117756
-0.14179936782216662,1.1382165351180813,-1.2324207250973866,-0.27619613918550484,-7.392980940061804
-0.5948751278317238,-0.7618082849111429,-0.392756699562519,0.38526134699035164,-109.07273854584531
2.0196291806534576,1.2026117588470742,-1.5836943484744974,1.597129089928148,31.487847640880815
-0.10589159088271903,0.07474884699344297,0.6961797319605298,2.1901413557327345,57.150272061046685
0.13455367466888737,1.5028843999585322,-0.987509173136193,-1.779176546139709,49.00148525063308
-0.23087661352624766,-0.9384765581232608,-1.3694029492912556,1.7090168080735804,-188.99698687718012
-0.007948486912574828,-1.4360153198931351,-0.6517917318527083,-0.14634283716361282,-167.33282271708916
-1.6761986579948296,1.3633678971052616,-0.2197934494697397,1.960363347663064,46.25954726317028
-0.03521854628084378,1.8678233736666223,2.2826913038780865,0.3974284129506096,327.81483664770917
1.3872149460076546,-2.019777249157399,-0.44887795535508457,-1.2717342014816464,-159.58861413932055
0.46545190338017384,-0.5050486856875517,-0.2753668743632448,-1.7118675262546503,-49.23208279837137
-1.1388145467557105,0.026916648528174422,1.12010658557798,-1.3301904763233667,57.07388248932759
0.26166127786940385,-0.06421933751143769,-0.6549253470440416,0.2837365398168901,-48.70003327022541
0.4505568940165901,0.17189806054768886,-1.426348673102881,1.2369896193700984,-84.1379996115368
-0.11102953853707669,-0.8598403902692189,0.12178080774908877,0.2933201122002326,-63.41850263103149
-0.6826564524126572,-0.324435407438601,-0.998729248877695,0.7389048161116343,-123.13587569667523
-0.20290824847034047,-0.7677170678247129,1.9493001857637307,0.012716995942151369,83.40776260607917
0.3620048009267527,0.18732035289633378,0.43105649992331957,-0.9334466005547499,58.88161828038552
-0.35666144566058305,0.8885759972453622,-0.44859798430772346,-1.5276371694987492,27.17899199787371
-1.4776585701056275,-0.6431506817291361,0.46827791402360475,0.11425673228373548,-57.460681831835764
-1.2127997390244771,1.502189299979167,0.10888179768025123,0.23893200756030208,96.11391583125857
0.8215802836180298,0.10205863410615956,2.2074167970664647,1.5992298857918135,202.89367615250382
-0.9539111971215875,-2.463302795047691,-0.5738129270773136,0.23278063565720464,-271.27679562532643
1.645959577632933,-0.3891635373871057,-0.8705931610162579,-1.109735461252614,-52.779287206868844
-0.38088394965036776,-0.20988208574881745,0.8408715390386685,0.49730671345613076,37.54707837224712
-1.2009317710556062,1.1908297654119848,0.06682594231872614,-1.6374655619229066,67.9257963651886
0.0063279065478170134,-0.2638403181658514,-0.34291671696143183,0.7845006549000794,-47.857722164294024
0.47156404090091086,0.018782454545790257,-0.026846230999169825,-0.08028442284633373,12.734021906553778
-0.5410782359272666,-1.5005673897734462,-0.27036103895770264,1.2289001941255495,-157.97461902919184
0.5615787787895532,0.8955522757521159,-1.066503946376842,-1.0441142344774927,5.641437231848116
-0.2158366470514985,-0.6101402645033669,-0.13100570706039763,0.5492194561912889,-65.75285434237931
1.1544089508292266,-0.9899226372354938,0.8396257949744682,0.3967929878387566,17.463719400525804
-0.9770680712497819,-0.21526394340325464,0.5884006655554173,0.08661423358802908,0.6917701751794993
-2.493219499277718,0.48597433520272465,-0.17100117952541738,0.3649915156034406,-44.157078331602165
-0.28617356505839775,-1.6760340593100307,1.3646466955290757,-1.0986221884916911,-38.02916844822707
-1.4511824981630823,-0.42676645365506816,0.6334673638710898,1.8300907461776643,-26.331649141507278
0.26184072022278243,1.666723116904564,1.5666105447269498,0.3112212587816322,264.2596445665354
1.6533112346861034,-0.889726613197854,1.1940005594127292,0.42113890295033196,67.18205020553421
0.5929305531301478,1.0191016634541723,0.2620675829061125,0.6608209214169998,119.73785115353685
0.5419291513218211,-0.05164491662538599,0.2886887917165278,1.4767961912464136,33.51287879526211
-0.13097479945695753,-0.341709521948475,-1.848804236179058,-0.2258032725548651,-175.0081966299503
-1.0769518510278453,-1.0107191989606845,0.054175568406947955,-0.38917035886867773,-108.14202992939012
1.116134399368203,1.6762259007425682,-0.8383340099483139,0.04357994947106675,102.32414622186619
0.705509154499748,-0.5592967191317281,-0.8813362614912594,-0.02927980608493128,-93.9299765014263
-0.2767183640910791,-0.305230305509797,-1.2191100059735833,0.45084104555707444,-127.24977233356798
-0.602873248881262,0.04776247737610163,-0.5901706321558804,2.231705623166491,-58.96231170943361
1.0111678906770258,0.45996301480305873,0.41055252171853895,0.37976417347512664,97.70772720457666
1.0554813021922078,0.8621604352253,0.3163667549106893,-1.3819043704851945,124.26633587639142
-0.10037699019126715,-0.8244715753462782,1.235398689311128,-1.0894575256935815,26.24591993023344
-1.4374349923771044,-1.696387100202263,-0.4278152560276609,0.4454110503937698,-211.36079280150847
2.2267345377586314,0.8285480250904401,0.18921944773832086,-0.16523116764260587,144.6874231121901
0.4407271138224416,1.2555164382289559,0.42624898700389796,0.8540642290319734,147.37556587988072
0.5084964462279751,-0.8036200795769671,-0.26766176636486894,0.182263332003147,-71.63891247153902
-0.815954267628899,1.154525113500645,-0.2734415367061807,-0.4777944071220253,49.406547801061386
0.14533830848246865,2.3857736116406705,1.7522150304809336,1.2499557295636015,333.7173579950412
1.12311394906787,-0.5496446080557158,1.0611000195135314,-0.7365634370421719,69.496940655007
0.45233218526953284,-0.2516060406180626,-0.5380591439098416,-1.0351370204990067,-49.447138637989774
-0.6235161338119681,-1.6975200905155214,-1.9063408588738198,0.3491518099475314,-303.34208771672127
1.075633544358329,-0.2913334613231535,-0.18281523595293225,-0.7589484806288471,-7.503933092946616
-0.8457820993357802,2.0792131440042456,-0.47848376173010143,-0.28830895205176976,107.64685205852918
-0.16150464144820298,-0.9151149353343214,1.9251824926884118,0.3683741585021922,70.74557071194562
-0.61880304015157,-0.3176420646862996,-0.6980080045022407,1.7249502778720518,-97.42737035875756
-0.01015229576136571,-1.0184296571173246,-1.2583718207702785,-0.5133342860063019,-180.63537248107525
-0.5773510103053198,-0.9214618429219876,0.12974722117586393,0.32655605600594345,-80.94604212049086
-0.5299536661250993,1.9616512335000305,-0.1916684773876966,-1.3153402247340915,129.29244329286044
0.9410711821671637,-0.17554738615879673,2.067319035198978,1.3499930016038235,172.86295620229222
-0.123913658303586,-0.6154430890064181,0.40447842663055494,-1.4496220833241598,-22.00000983377421
0.7153054781085152,-0.44545261043666523,-0.16376385207543948,-0.06845593355131675,-28.685086750645304
-3.1665750780007147,1.1467402342891249,0.4197078175542441,0.9902575804986457,36.33710983418675
1.0873472531304178,0.3059733986724431,-0.2702878426535333,0.5177481186747125,34.48344677863132
-0.5583501409753929,-0.609765163556993,2.767446348812462,0.7879711962648157,149.74430703403746
1.7272824650027327,-1.0915701058867284,-0.4736994676563764,-0.20506280261502607,-76.63594672463128
1.6073503786586867,1.0615047583689183,-0.30642568760372424,-0.5693372183675292,107.62363738010751
0.5979850864140788,1.0520678670025951,-1.4081343661729564,-0.7375132339164843,-7.1707350958660925
1.2661759095741516,0.2982164815060649,0.45731438390880413,0.1222226201261029,95.40938805424763
0.06772838434790822,-1.663682262465109,0.489483753614567,-1.0958426659929688,-95.02328965105136
1.1332068657611085,0.6727900997356546,0.7613703543017877,0.05208207313089314,145.66041191984988
0.41529985238147044,0.12542648255509484,-0.8670767331983679,-0.6961591439965327,-45.462798895212025
-0.3737298746160805,-1.4469452708626,1.0095219266194513,-0.6041900861242536,-49.49769667696762
0.18087299893235279,-0.09076161223145249,0.5787879580747575,0.8988901329263028,42.692114474607536
-0.4552382327696644,-0.6189706970301726,-0.45357067766688763,-0.3528817167059772,-98.27274361066418
-1.6424857609690888,0.8363152912533701,1.4855724188613788,1.682358758899192,136.91405194036395
-0.7193485540300866,-0.828297843156231,1.54966608850977,-1.3095757375973907,32.89307396230497
-0.5210671042876355,0.05900966415769972,-0.5663511051438438,-0.34466415199765194,-53.8934115579991
0.08649935392940503,-1.020342336345685,0.5226597637369511,-0.03397123391494252,-39.7320926763377
-0.2920678991341453,0.7568985312172727,0.816672608848087,-0.7235422760054323,116.5930606328347
1.4254170337315204,0.662287512655588,-2.6855055930444918,-0.9020366459732279,-114.67281953540123
-0.339174021297949,-0.6534762577063463,0.3111470539125695,-1.905580860711548,-38.40339730914506
-1.0454375649477858,-1.0586588924710738,0.5251244487736029,-1.2116943547104895,-74.56340102495211
1.3649186690927877,1.691562692547432,-0.7303735397551847,0.19929287161794637,118.96793910571049
-0.5216402409504569,1.1983980591932786,-0.30259147383897045,1.3434898458229363,58.99936407732503
-1.466131595073144,-1.2533381076954069,-0.11710022357317171,2.10926567703671,-152.09817538637267
0.8672968029899586,0.6903020692063162,0.2710751106615843,0.11984380384353538,101.50224317968544
-0.043024176436570076,2.0561997847107296,0.6460706907729808,0.8139050089915406,215.75819048313764
2.817543961313729,0.7387014471272313,0.41756736774839937,-0.17620833957774998,171.7930048477892
0.4208147746659035,-2.384186637126176,-1.1066860926378932,-0.5075747421456904,-267.4876318106685
-0.5631189816938119,-0.22429656284581032,-0.019289827744708967,0.824816951826521,-35.56927551238594
0.31755037277498543,-0.9794918845060333,1.3451837905705575,-1.77563090629069,33.98168962763924
0.5623764007644974,1.1596075613724004,-2.8743269314892634,-1.2701810749819893,-113.33122451179743
-1.017853772453441,-0.9642033636131867,0.4061994462226526,1.2629091843745623,-75.36077627052484
0.11171659526356585,2.208266785570998,-0.38844900942794547,0.49446765867967984,152.10461576406144
0.06371224987960182,0.8674719097457406,-0.1903293110942345,-0.6115048815138537,57.37925597985803
0.3640185795989955,-1.3685815057574746,1.000159942688122,0.5952055751189143,-23.067671801647222
-0.17561210385537565,0.7481225488499323,0.44004975830363924,0.6990998348669673,89.91219591939452
0.6084386881578595,1.6223600575713735,1.212053309905088,-0.15557990640840935,242.89473913372467
-0.11156031134350167,0.19425013689076728,2.196594230118607,-0.43861363126160396,183.2216426187996
-0.8402104578489514,0.0007927941278402001,-0.9321000073440943,0.2420547527821209,-96.02174016994996
0.7629716339079343,0.3562659934344013,-0.12668500753448092,0.4539766102340599,40.57098169015804
-0.1323425823700623,-1.4295784103210742,-1.4073085796620424,-0.3838400540225015,-228.99920863154676
0.5671931514474206,0.2747319160221552,0.5981860801279725,-1.038239932479255,84.73833919514671
-1.345735898165319,2.331004281276811,-0.16942922542728936,1.3553135965232346,137.97945651635717
0.8942431378048616,0.16269924792940652,-1.552916964761163,-0.6747950004278537,-82.205161345503
-0.25496156812948534,-0.6081275735885874,0.8875790712160933,0.28419799604717033,12.421135343761712
-0.3765402703633471,1.3823207324195208,1.6638446992954088,0.11768166677040376,230.74329264922787
0.189428207196859,-1.6872721058836744,0.5429744416060754,-0.664463951173296,-89.35086888367593
-0.9456368938898546,0.33959913836164396,0.5171483462940173,0.3794487987091732,41.05204473528144
-0.17297988746092577,1.9624911930364453,0.20382783399874452,2.1309843659888656,170.1436969333286
0.7733648608990552,0.8453033861318731,-1.820586494195172,1.6260705430167202,-51.033162167196295
2.185330427149733,0.40566720104376847,-0.11720477601819622,-1.703039776331175,85.41756484868066
1.0155703528289415,0.8578948505176871,-0.12074750219741832,0.009401581021243135,88.8442292461061
-0.2916521068409542,-1.3621444741541127,-0.4090951044035217,-0.9442600421081134,-150.48932798303088
-1.9404660426297522,0.9876219709445654,-0.21723669014905134,-1.33299020191842,8.52817733706619
-0.26025765691529235,-1.024176224268898,-0.46642690432196393,0.5708807855131963,-126.64251857259643
0.23644596742514215,-1.8238773587317887,-0.27765423552734925,0.022121198620058787,-162.8446111345881
-1.7366536083462065,-0.8519583719516276,0.6790117827163371,-0.6575845465940833,-65.33284659331412
-0.623142609810638,1.1771666364738602,-1.1758989939804867,0.8083914117437326,-13.41478399681209
-1.081449595248207,1.682371191107502,-0.5601778093303431,-0.3420703648938256,62.466832572266966
-0.4895531294321904,1.3592717187102825,-1.0060897883319029,-0.6920649726758771,18.312513164655044
0.9352078823796974,0.36888315499784097,0.38667838794385406,-1.0849881168067874,86.32370879031674
-0.1701215582379661,-1.0687548836520626,0.5987860822732316,2.0637741499994178,-44.981723722114324
-0.4981956014384614,-1.2860834275970197,-0.06896826501825053,-1.3193984925914843,-123.72522455308564
0.39536279130044466,-0.06423080712984466,-1.128201441109686,-0.814161757616242,-81.69080946599586
2.1831291252293714,-0.513140012230708,0.533698956257287,-0.07355004957296869,61.38145927987522
0.3553323618989503,1.7294193061774816,-0.6178859066606747,1.3857689927542314,102.31065789880162
0.06475064198516173,-0.07432276115176126,-1.0282911268587742,-1.0755285347395638,-84.07087869927986
1.0712626481578562,-0.07459388847219058,-2.063939418197199,-0.3706686220374819,-136.1537114595646
-0.24682639009199617,-1.434090098745091,0.7646297070202146,1.097742653978065,-63.897793548797544
0.7849384424685351,0.8663623410902966,-0.5710635751328199,0.6584941358030874,48.052263040242394
0.058093553420235866,-0.4180412509176367,1.634447887219832,0.23024222003226705,94.67625083719449
-1.247849943639961,-0.8227895788083232,1.2116978091989752,0.48516991641332485,-7.811188908363434
0.5914752392198585,-1.3786434621058161,-0.7880180488218946,0.8978484904206145,-156.35920395816473
1.1577948741644442,-0.059437669782468755,-0.9533958047917706,-0.1943216636819055,-46.22822637505537
0.4866827385037761,-0.10027850130910076,-0.04103334685683,-1.601116473134341,2.4006225352937345
0.9487776270901598,-1.1454573746219268,-2.5148833002287785,-0.7089330475147907,-261.4962798787252
0.8527342433430869,1.446894989631848,0.9450660957114385,1.2709493136511638,214.8125690758288
0.0667085160442832,-0.32322095402828654,0.6426488149400899,0.39630030630076113,25.577201219764945
-1.4632791440010875,0.8954789011051725,1.4365414182210774,1.6013404179633492,142.95759410515336
1.2487960690102808,-0.04502125634422777,-1.7082294876195285,-0.7496457132816382,-101.12127317905723
0.2439068535332619,-0.22284395258648795,0.8936546387141081,-0.08977426062811174,58.21115368839782
1.0636936199989284,0.7522566160805664,0.24772282677068277,0.9254726992185862,110.25132317278405
-0.6202336798311173,-0.5133189569167829,0.7339031383089101,-0.5426571317980893,-2.1231820964981765
-1.3337938610377782,-1.043201835667407,-0.2750736307955675,0.8407624198394327,-143.59138589142253
1.2478233794526152,0.6606265935459881,-0.5415212569856911,0.5873185364736823,46.70928012053924
0.7929328320860077,-0.7043267447045206,-0.9333687021454008,1.433943324549553,-107.27072352455039
0.09811773408230941,-1.0285433339125418,0.6212035727640761,-0.48147445589317267,-32.41581474437374
1.6618331168071556,-0.386602532642219,0.2923394417812212,0.35825563125886084,38.201393497586984
-1.3863291252255705,0.09806633594925886,-0.9730037254268663,0.6341496932604026,-106.70597415636905
-2.1117306081015563,1.7885473883621137,0.5948109329551732,0.4967997122041089,131.73931595119487
-0.824154418913356,-0.7447828967927251,2.702168958794151,1.3955951942219345,126.22781041353784
-0.12804625294953273,0.8018035502745025,1.2134710240755096,-0.6413786899999402,155.67959731885645
-1.2698878887090592,0.6731216582046812,0.2148326765948458,-0.6756473088158367,35.482922126237504
-0.064549221392517,1.7300911125488054,-0.08465453682655558,-0.45194265765637903,131.94297600065153
0.5413869803395154,0.5606155754157983,0.9741164757528337,-0.1952582788558772,136.39912889389848
-0.957329900685837,0.3569980779728751,0.599804553466382,-0.9477968119089222,48.55363320605855
-1.0064615116079352,0.36714620560054984,0.14886100453882403,0.12815730206073575,12.96660916383625
-0.40572709641958615,0.5669767952456323,0.5754999176866614,-0.11410126172260777,79.25080922745056
-0.33865354667095904,-0.5299003480843126,0.9509067282708243,-0.8701582285645552,21.325624135503524
1.2831709604200792,-0.6165947702847634,0.30404791027104616,0.08839874463084005,9.778466743231501
-0.6428330003118331,1.578465555227252,-0.673243268204698,0.8764886710891713,57.623264569599044
-0.4795471437872211,0.8299073390608094,0.6625261054146822,0.8176413064100698,105.25670233861459
-4.112023271315896,0.8864758695837278,0.5440165934777598,-0.19291660346060224,-1.7760437021581907
-1.135950676726766,1.3962283282891277,-0.21545091114212328,0.8557074204584367,64.49448636351536
-1.4460163781869428,-0.06598243670272243,-0.740188362834525,-0.5858417057857515,-103.61296783542227
-0.7160676478293533,-0.4572307477185774,0.9016559226461925,-1.3408783847840613,12.753875185057296
-0.5044610240016272,0.5552060650633848,-1.1107590782145158,2.2928767610226664,-55.460102361622226
-0.5312626954733721,0.20657791634405462,-1.0923219900401704,0.23035267050956712,-83.06307418948438
-0.4342384698971413,0.0511609238278175,0.3810574005132426,-0.30642398730016973,21.50359811447442
-0.1604151697851207,0.012488800255886416,0.8710678919272736,0.7906211852175732,64.14633455840463
0.3477285899102899,0.4411257882570668,-0.4341746241643486,0.7888772360533197,11.863974730528
-0.7505351131567719,1.0579623447140916,0.3385697779244576,0.6372383044675645,90.95337572486419
0.964296832808488,-0.313154553539487,-1.0325707742927852,2.264954474514071,-78.41389856449345
1.4187246353511715,1.7593142519655576,0.5413841950687441,1.9128050018071792,224.75859843683014
-0.8241325271492538,-0.4393016407800305,-0.03417898599494427,1.266897257862999,-61.525280219589966
0.2184881381789303,0.12753052196651649,-1.5217800997763018,-0.29532646075350394,-101.6922258764643
-0.1906592621570146,-1.6817822621920373,0.12058812642501666,-0.21858561693378661,-132.4289146959705
-0.2822412601644948,-0.04571180505078201,-0.2181042153233163,0.9766122857909793,-28.60590744989976
-0.2221344419630461,0.31681797989172417,0.8658118024193844,0.4784939286269432,86.68389998214923
-0.10450271384372287,1.1918416736216229,0.6124988372064704,-0.654847717700692,141.30400860402594
-0.8740194686197855,1.3100502865000088,1.370494161362664,-0.5057766602076329,188.07007012100604
-0.3345674342132306,1.4864364166207225,-0.6855278100362465,-1.7478831500200442,57.89554844868624
-1.2954641781438707,-0.8979932307989404,-0.6976139981940409,0.1227026897914071,-163.5508113208162
1.1603531282208444,0.810586732282107,0.18541164916846486,-0.49663900179186454,112.86838613855032
0.7679119987900391,-1.5147887279250445,0.0017276624323230834,0.23927677902903832,-101.0883442303053
-0.3642789905538855,0.5827364674742948,0.4674465121224668,-0.7503389445980734,73.30524221587116
-0.35669003082100015,-0.7291150270194956,-0.23112355318170408,0.033627303905539946,-87.1511233576051
0.12174513204576673,-0.8044887875356387,-1.2141373612996915,-0.7089195215668468,-156.12682607872475
1.0550139480726057,0.40870546058426294,0.31501530059924077,0.6276266422352913,87.36573692619015
1.4126657331265047,-1.8860054910471828,0.6070246282711398,-2.4399952034860393,-66.0076738944741
-0.6417843011338691,-1.2134065076339084,-2.172699320922886,-0.8431979950095372,-285.2759531998389
-0.09038124056808966,-0.24929942779068068,0.8454595846394309,-0.6751156278844272,42.896701744055406
-1.7225284952395479,1.4546229311618446,-0.9834227631308319,0.4376984733002421,-6.955829064710073
1.0691140962468417,0.6410816306933761,1.0331339329604174,0.1430095706837655,162.38924396807437
0.7294276911223498,0.17928595149927387,-0.21673762619045522,2.2863121266638435,18.274886896193557
-1.0542049106667692,-0.6361435276439068,-1.177509810880568,-1.4053865976184805,-172.78205052627743
0.5033654310046459,-0.4841657777720079,-0.2856745024897809,0.25425581180279255,-47.26978032912733
0.9093380170508033,0.44603257686579717,-0.23501302145506647,-1.1699582589479305,43.56537289116504
-0.14997683174777587,1.8978134158960271,0.7650991388662397,0.5474132806606299,209.14000267823303
0.9715394788235661,0.8224168618801146,-0.23237280274912714,0.880112293763628,76.05498099392904
0.0003978337827695171,0.8518768829768024,1.32064153805346,0.6271079102386012,171.6867643620913
0.10900633306970282,0.31586741714600314,-0.46029542078545743,1.1431650828887217,-7.056004553899722
0.3394483037891206,1.1705141634244334,1.567116547285312,1.2211911619041953,226.23658494370034
-1.7787664883868857,0.7732493369342082,-0.4512053859782766,1.8098777649045485,-22.47423065004648
-0.21005202187201835,0.5000885956023002,-0.030867277481904085,0.4378488685831392,32.245354425607076
0.35758524282825727,-0.2226685105840921,0.6540755524379245,-1.317093281446698,42.822322802103294
1.832875993874677,0.35388553922097726,-0.6648781742070727,0.9361274095447475,28.74189688917655
-0.39386331272776376,-2.0832685574106597,-0.4402170365353453,0.8771318720551977,-214.28309864950754
0.3730638927128315,0.2436431570061898,-0.8504428649062522,0.6786174319998977,-35.77240799189116
0.600913624201758,-1.2046936385059168,-0.4028097196702561,0.4902826514709266,-112.06370821669178
-0.04368837018636842,-1.2337179399800198,0.5002965072636051,0.9864626146482149,-62.44783815593275
-0.6200622957893525,-0.2157737994520685,0.17199347941050144,-0.07117934929145182,-21.62640135282472
-0.5257728629701672,-0.22207319587845822,0.4290232784929142,0.2886394720556585,0.48467850124832523
-0.560184313688903,0.2230195775999872,-0.22445308802634004,0.2956190454417246,-15.137140897902759
1.1634833414014227,-0.6757285506201632,1.0164423119040387,-1.2503220459475592,56.93913941903849
-1.3082553062627265,0.10893103083949755,-0.48803013680089763,0.014523626645059684,-65.95533087096535
1.8916310576239137,1.998475067911517,-0.9649770788959892,1.9019962831601205,140.4922160670826
0.4920825250074414,0.4934808333777803,-1.6012729812078086,0.8529373317704491,-70.46812091890084
0.27667915311800023,-0.8168518651165982,1.2616058536144281,0.1314094442897991,39.53051625739158
0.22116441157307964,-0.9227178994063586,-1.9848649886765453,-0.251583198168638,-222.77669016743388
-1.6508767947322192,-0.06227533668932043,1.0011494907309748,-1.043307497345672,26.162088453146097
-1.2523332416144204,-0.37542580175583834,1.0777852591510197,-0.005233832918718939,17.94973045362019
-0.11690185505312739,0.2707283152761786,-0.4099830276906816,0.3451124542410005,-13.179146684349025
-0.20200864534802232,-1.4814216493640202,0.0955277136844058,0.12291299625864502,-118.44290709724311
-2.4450150222718627,-0.25261412662301846,2.824508530327407,1.0782933897276203,129.95300446702763
0.7835526366318964,-0.9318599881901339,0.10963734505335376,0.5181208456586788,-44.98112882610095
-1.4632329480341204,-0.042003583716283786,-0.051282649878518424,1.265347427303907,-48.64576205862076
0.46229884081388967,-0.8855829027529423,-0.05487701813338075,0.5247202956904417,-63.062870237177215
0.12365801769455569,-0.9164096098786941,-0.9904929807235483,0.46092488446160484,-147.7809230984853
-0.02646780337492149,0.3249532909254237,0.6620715968388694,1.374768860191039,77.03599707956843
-0.003788019939297658,0.34819075187791054,-1.124745254238528,-1.0868641969383486,-59.22232793424619
0.2347630174417089,-0.3535569848631638,-0.20787407788174123,0.19360389441771841,-38.205702973754086
0.4153793890225898,-0.26067235762272556,-0.43197494687258964,0.234298061113253,-42.984838510974775
0.5039496178444329,-0.6890989714614494,-0.3186624799497237,-0.9054854080838978,-66.43885847591606
0.48710881574241927,1.205261544702525,0.725006227708478,-0.6315195021236862,167.8113914176853
0.9777836089514556,0.11374916155674857,1.0924724854631882,0.37329870567748574,121.64795121371544
-0.01670846814891763,0.5563825677547898,1.0818837633570122,0.1703933559245906,128.69073775211726
0.7004317269142777,0.467991733501662,-0.7962372766312555,0.8710888845408309,-4.133933596593444
-0.31358881999714366,-1.7449050477751917,1.7173313308017102,1.1583870300244214,-16.995531271838274
-1.6064663121917124,0.4956986308926315,-0.4185748057165088,-0.808517088856473,-37.59564817520351
0.5369909033727477,0.06295323891025502,-0.21375026163015914,0.24708373180071722,3.6447689402770926
-0.4524500590736918,0.553894371796791,-0.6115207751667389,1.2662989980687032,-15.32404863161915
-0.2819593734803771,-0.24174687307593992,-0.8077530588089205,0.9825213099815252,-90.29777748998313
-0.8743268880421682,-0.08575225916616111,0.2104154143627839,0.42597727229368415,-15.264249990813486
-0.22581841795984373,-1.1562920063600493,0.9133255434065616,0.35742180245213084,-29.222350257614323
1.0797123747968986,-0.18549622039470018,-0.2831260576721153,0.9173413280356072,-6.595015328857281
1.3332753717255688,0.8329280328541817,-0.861725929539823,0.7418565550754294,38.22456794858529
0.3302923237322374,-0.8722507891538088,1.0177160896418156,0.5346085061068336,17.605380561059633
-0.8696166539354617,1.0994630518865118,-0.25462935379591844,-0.148852368950983,44.88828607698468
-0.17631064179245456,1.5257910380160178,1.0505788314922022,0.2933078197216171,200.393870570537
-0.9010778573504076,0.2355432707709817,-1.0693894865836255,-1.2648106410878261,-89.3591832597836
1.1081857287263543,1.9461826938314444,0.6875662682906009,-2.3951210790154533,242.51507259172192
1.305286996028325,-0.6009966654851814,-0.4904655602362662,-1.1563535686072386,-50.042867763498904
-0.4718158464245274,0.9144079803797387,-1.469925386638045,-1.2266915746369873,-53.2992334643995
-0.36331647920466165,2.106281657475069,-0.1925934696061313,0.5030892216834915,145.6507308542282
-1.1176613599245915,-0.6113950001885687,0.557308776605614,-0.5021909771268455,-37.81970488237129
-0.11689482357278434,-1.857258060976255,-0.9467975666349523,-0.569230267979519,-227.4872706874504
-3.4740527287365284,1.5513662761231768,0.8258324014157761,-1.3822176214687107,92.03334889878592
-1.978825862512108,-1.434942713827,-0.8763731435252483,0.38965020847540477,-240.2574909197393
0.1648839172627372,1.6551178789782865,-1.0075343559385077,-1.71329401646778,60.64984612398693
0.5409972766906637,0.07544356157106845,-0.1706145839517331,0.6000511186532864,8.121256122808973
1.3211760615302444,-0.8335945610179993,-0.3078394514381465,-0.2505228643589268,-54.27765560628178
-0.1425034313807847,0.740814196850061,-0.4257848665317411,-0.2887687765290906,23.00317604963257
0.05180713811830553,0.05034759222433403,0.18454422240205318,1.1297446978608399,19.87829949052808
1.3445726281046175,1.4594117482190254,-1.4414268745250427,-0.6981571823604255,44.33536441486339
0.14661490620206954,-0.3077307573018254,-0.9686457127533863,-0.3605222016038023,-96.06318040372327
-2.3097522879372994,-0.4958463284329311,-0.19105615296548273,0.3045380249086236,-120.18331260358364
-0.004521231774012156,2.012084575494623,-0.060357090450412404,1.4079635538146809,158.39682228070654
-0.450992627230285,0.024489615076257996,0.8482432055809437,0.3240709676629333,55.15423820929131
-0.6148777167390649,0.1433866174878287,-0.1678133120469688,0.8030203702741444,-18.739482170298224
-0.14194093437144323,1.336201692674857,0.2436228193451738,0.34889285633355455,123.30762298998984
-0.27873446776640365,0.7444683082601871,-0.5106345424732611,-0.45671297889458734,12.868280955867412
1.205808023867354,-0.3200018656880218,0.8452379014611685,0.175846827306766,73.69009053825025
-0.015119563717716314,0.7495963016012501,-1.4212152395422146,-1.1141853741210725,-50.008334879310155
0.4622113535706135,-1.2309045029630528,-1.0172976569927903,-0.9152126199545632,-165.8280001005719
0.168380918820891,0.35603278291180185,0.15596445613803783,-1.133939675345373,45.7412252163849
0.7353801843964451,0.7976495039856071,1.3170506043713581,-0.3468093570029699,187.731775884552
0.2115103181378884,-0.7828143477925286,-0.8972914879220175,-0.9876096662727262,-127.2282444906509
1.0074722372773801,0.5137236011084676,-0.009283107805425897,1.4756782239486574,69.3555891888936
0.6073485219070967,-1.5171824497555144,-0.8141954888232685,-0.7868137910015243,-169.18260082355943
-0.2296336649665359,-0.5439117884931788,-0.7799083396095814,-0.6462501218984428,-111.17016847985649
-0.47864957046889356,-1.1136188493745147,0.3825017625795543,3.2888984699742276,-74.11865376102156
1.208284226278811,-0.6014972379408816,0.42412777522285783,-0.5736855654123225,18.21835310954453
0.1039528912645517,-0.8123117767981267,-2.0704787666382733,-0.4491991909392925,-223.77538699734197
0.7901839234717033,-0.07890977905406878,0.7465028552234252,-0.19345971349945376,73.85932081138345
0.23879146133304657,-0.7547609893527429,-3.0577490481555927,-1.5860497125025061,-291.986996870969
0.43097702975844204,0.4212100280995146,-0.7143497751697924,-0.866882838877502,-9.165649225770423
-0.5195625841061389,1.5494631181110334,0.28071076549099844,0.8846035754303515,132.8402306553812
1.1607107622190165,-0.6545655702321602,-0.24869976065508367,0.5464358505636304,-39.68641461371404
1.1943105275106591,0.8864026794361944,-1.175732077262396,0.12325490406897048,14.255171152011599
0.3782541789906026,-1.226372100591043,-0.49154941401415114,-0.285134699030603,-126.99244511555908
0.5200981224891218,1.3803133825342475,0.6442967735918557,-1.1792457627014763,176.67228879357873
0.32130497542107034,-0.2855760803791103,0.08422973560689438,-1.8341309606295455,-7.563528860197668
-0.12902310921090762,-0.6713855607782636,-0.2679741350139067,-0.13586710422076223,-78.91153049940097
-0.11783465665872554,-0.08014413638378312,-0.30840206626703304,1.729592893327319,-33.77698715963753
1.548031302912831,-0.30685038875031995,-0.870838312422331,0.0657161711464036,-48.88247601426173
0.22520337019952905,-0.39204592959482254,0.835167779636174,0.993191786758246,39.416131019554456
-0.41504891782603787,-1.044827514224156,-0.0932573056379057,-0.953199889530479,-103.69774990753926
0.775989915076806,-0.34147730513853575,1.9917015682836785,1.302918217060072,148.87572728981036
1.2596733816478425,0.5540665237421316,-0.6817846484728844,0.1279682040036151,27.50535313033911
-0.9155800956099949,0.5253672788756651,0.05411691116271805,-0.2043755988107549,21.00443914166807
-0.2396054336975111,0.6369158660517801,-0.19988147739973525,0.6737209121789571,29.38359145730015
